,Cell_ID,Red,Red_Bg,Green,Green_Bg,Scaled_Red,Scaled_Green,AnteriortoPostX,VentraltoDorsalY,Area,Cell_Color
0,1,232.273,40.4318,77.6591,40.0909,9.28832,1.32476,108.97236000000001,0.0,189.56876579942403,Red
1,2,135.174,33.6957,114.522,26.6957,5.89547,4.65099,-90.29138400000001,22.832304000000022,99.09276394060802,Double
2,3,245.154,57.3654,57.1538,45.2692,6.40823,0.371146,96.518376,24.90796800000004,224.03581412659204,Red
3,4,247.375,56.375,56.9,46.15,6.63233,0.329306,121.42634400000001,24.90796800000004,172.33524163584002,Red
4,5,241.71,60.6452,179.742,46.5484,5.84462,4.04521,216.906888,43.588944000000026,133.559812267776,Double
5,6,132.37,58.3696,172.261,46.5652,2.48179,3.81611,231.43653600000002,56.04292800000002,198.18552788121605,Green
6,7,234.934,64.4426,65.3607,43.0656,5.17905,0.731883,154.63696800000002,51.89160000000004,262.8112434946561,Red
7,8,252.837,63.093,68.0,45.2093,5.88717,0.712677,194.07458400000002,49.81593600000002,185.26038475852803,Red
8,9,250.509,42.5189,141.868,36.1792,9.57594,4.12982,-252.19317600000002,56.04292800000002,456.6883903349761,Double
9,10,253.748,63.5306,120.122,40.8435,5.86121,2.74408,44.62677600000001,70.57257600000003,633.3320130117121,Double
10,11,240.283,50.5435,96.2826,39.7391,7.34871,2.01153,-200.301576,53.967264,198.18552788121605,Red
11,12,238.739,51.6957,100.522,40.4783,7.08285,2.09704,-154.63696800000002,53.967264,99.09276394060802,Red
13,14,176.0,57.9545,59.2273,36.3182,3.98732,0.891757,-11.416152,60.194255999999996,94.78438289971201,Red
14,15,241.6,53.1667,79.5667,40.6333,6.93805,1.35457,-129.729,64.34558400000003,129.25143122688002,Red
15,16,236.745,59.0182,59.1636,44.2,5.89505,0.478605,272.949816,66.42124799999999,236.96095724928003,Red
16,17,254.281,50.0,166.188,40.6875,7.99794,4.36059,-150.48564000000002,68.49691200000001,137.86819330867203,Double
18,19,245.384,47.3488,107.651,35.3953,8.18751,2.88595,-196.150248,80.950896,370.52076951705607,Double
19,20,254.636,61.6364,81.5152,42.0606,6.12971,1.32612,171.24228000000002,76.79956800000002,142.17657434956803,Red
20,21,250.548,59.6774,55.7742,41.1129,6.26108,0.504146,133.88032800000002,83.02656000000002,267.119624535552,Red
21,22,247.591,58.9545,64.1591,44.2955,6.26365,0.63396,196.150248,80.950896,189.56876579942403,Red
22,23,238.783,56.6739,79.1957,41.0652,6.29024,1.31268,106.896696,87.177888,198.18552788121605,Red
24,25,252.6,62.6667,49.1333,40.8667,5.93313,0.285972,154.63696800000002,97.55620800000003,193.87714684032002,Red
25,26,244.333,41.7273,192.788,32.8182,9.50499,6.89106,-221.05821600000002,97.55620800000003,142.17657434956803,Double
26,27,241.98,47.0,123.347,37.9592,8.12102,3.1801,-169.166616,99.63187200000004,211.11067100390403,Double
27,28,206.233,46.6333,86.4,42.6667,6.69971,1.44906,218.98255200000003,99.63187200000004,129.25143122688002,Red
28,29,248.238,62.825,53.0375,38.5875,5.77731,0.5294,32.172792,107.934528,344.67048327168004,Red
29,30,213.509,39.3019,46.6038,27.1698,8.67707,1.0112,399.56532000000004,99.63187200000004,228.34419516748804,Red
30,31,241.638,51.5319,115.468,36.617,7.22171,3.0443,-111.04802400000001,107.934528,202.49390892211204,Double
31,32,249.886,52.7714,65.6286,41.4857,7.31204,0.822721,189.923256,107.934528,150.79333643136002,Red
32,33,241.159,55.4773,69.6136,38.2273,6.552,1.16073,326.91708000000006,107.934528,189.56876579942403,Red
33,34,252.268,45.1964,62.0536,32.5179,8.96882,1.28407,-208.60423200000002,112.08585600000004,241.26933829017605,Red
35,36,251.854,66.4634,67.7805,37.8537,5.46039,1.11767,142.182984,110.01019200000002,176.64362267673602,Red
36,37,246.931,60.2069,90.5862,40.4828,6.07119,1.74969,108.97236000000001,112.08585600000004,124.94305018598402,Red
37,38,167.706,58.0294,110.941,37.7941,3.69986,2.73612,158.788296,116.23718400000001,146.48495539046405,Double
39,40,252.404,49.8511,45.5957,36.6383,7.95397,0.34563,-156.712632,128.691168,202.49390892211204,Red
40,41,253.218,57.2545,71.2545,36.4727,6.70016,1.34818,88.21572,132.84249600000004,236.96095724928003,Red
41,42,221.25,51.4063,56.125,35.0,6.46775,0.853279,364.27903200000003,130.76683200000002,137.86819330867203,Red
42,43,247.667,47.4706,105.745,33.5686,8.25563,3.03966,-185.771928,132.84249600000004,219.72743308569605,Double
43,44,249.304,55.7391,150.935,41.1522,6.79808,3.77141,-123.502008,136.99382400000002,198.18552788121605,Double
44,45,235.88,62.32,41.52,35.8,5.45182,0.225879,133.88032800000002,132.84249600000004,107.70952602240001,Red
45,46,253.239,53.2826,103.5,38.8478,7.34631,2.35277,-140.10732000000002,136.99382400000002,198.18552788121605,Red
46,47,236.191,50.8088,49.5,35.6324,7.14247,0.5502,169.166616,139.06948800000004,292.9699107809281,Red
47,48,250.885,52.1923,56.3269,37.8462,7.45236,0.690337,314.463096,143.220816,224.03581412659204,Red
48,49,253.622,56.1333,68.5556,32.4667,6.88718,1.57144,32.172792,145.29648000000003,193.87714684032002,Red
49,50,248.13,57.1522,80.8913,35.2391,6.5414,1.83147,119.35068000000001,147.37214400000005,198.18552788121605,Red
50,51,199.739,57.1304,100.348,39.2609,4.8865,2.19964,-102.74536800000001,149.447808,99.09276394060802,Red
51,52,221.366,47.9024,92.3902,31.2683,7.08875,2.76348,-291.63079200000004,151.52347200000003,176.64362267673602,Double
52,53,230.839,58.2419,81.6452,38.3387,5.80118,1.5969,-17.643144000000003,157.75046400000002,267.119624535552,Red
53,54,247.048,53.1667,88.4048,34.3333,7.13863,2.22646,57.080760000000005,153.59913600000004,180.95200371763204,Red
54,55,241.588,57.8824,76.9412,39.4706,6.21293,1.34208,-1.037832,161.901792,146.48495539046405,Red
55,56,221.148,49.7778,46.4815,32.7778,6.73937,0.591045,-335.219736,163.97745600000002,116.32628810419202,Red
56,57,241.508,52.7619,57.1429,36.8413,7.00288,0.779037,320.690088,174.35577600000005,271.4280055764481,Red
57,58,234.97,53.5455,90.6667,42.6667,6.63273,1.59043,-140.10732000000002,170.204448,142.17657434956803,Red
58,59,227.741,55.7407,75.4815,39.5185,6.04053,1.28652,-121.42634400000001,172.28011200000003,116.32628810419202,Red
59,60,84.6333,50.9667,163.733,30.1,1.2931,6.2764,81.98872800000001,180.58276800000004,129.25143122688002,Green
62,63,252.023,61.4713,79.0805,42.7241,6.0682,1.20301,5.18916,193.03675200000004,374.82915055795206,Red
63,64,229.042,52.4583,55.2917,35.3333,6.58953,0.79855,299.933448,182.658432,103.40114498150402,Red
64,65,208.484,48.9032,45.0,31.4194,6.38796,0.611063,-312.38743200000005,184.73409600000002,133.559812267776,Red
65,66,200.72,45.0,52.76,37.6,6.7741,0.569999,-216.906888,184.73409600000002,107.70952602240001,Red
66,67,243.816,58.9388,64.0408,38.4082,6.14048,0.94348,28.021464,190.96108800000002,211.11067100390403,Red
68,69,253.011,65.7527,62.0215,43.8387,5.57502,0.586362,-30.097128,201.33940800000005,400.67943680332803,Red
69,70,213.517,41.3448,50.8621,35.3793,8.15196,0.618674,177.46927200000002,195.11241600000005,124.94305018598402,Red
70,71,198.467,52.5667,53.7333,33.6,5.43331,0.847108,362.203368,195.11241600000005,129.25143122688002,Red
71,72,106.821,52.5357,177.357,39.6071,2.02279,4.91678,-121.42634400000001,197.18808,120.63466914508803,Green
72,73,245.286,49.1837,54.8163,34.2857,7.80514,0.846547,289.555128,201.33940800000005,211.11067100390403,Red
73,74,60.9677,44.0323,174.0,33.7419,0.752915,5.87652,-221.05821600000002,209.642064,133.559812267776,Green
74,75,234.455,42.0682,42.4773,32.9091,8.95241,0.411032,162.939624,207.56640000000004,189.56876579942403,Red
75,76,238.92,45.02,136.56,32.36,8.43124,4.5522,-241.81485600000002,217.94472000000007,215.41905204480003,Double
76,77,230.098,45.1951,44.4634,32.7561,8.00886,0.505275,268.798488,224.17171200000007,176.64362267673602,Red
79,80,236.863,51.0,56.2941,40.1569,7.13414,0.56811,-135.955992,232.47436800000003,219.72743308569605,Red
81,82,251.713,70.3936,73.5319,41.5106,5.04231,1.09054,-32.172792,244.92835200000002,404.9878178442241,Red
82,83,250.613,47.9,54.475,31.325,8.28446,1.04477,328.992744,230.39870400000007,344.67048327168004,Red
83,84,185.227,69.1818,55.2727,35.8182,3.28364,0.767857,-94.44271200000001,232.47436800000003,94.78438289971201,Red
85,86,248.016,46.3934,60.3934,31.2295,8.50751,1.32021,241.81485600000002,244.92835200000002,262.8112434946561,Red
86,87,138.9,48.8,225.68,38.24,3.6143,6.92958,-293.706456,244.92835200000002,215.41905204480003,Green
87,88,237.2,61.7333,45.2667,40.4667,5.56409,0.16769,-15.567480000000002,259.4580000000001,129.25143122688002,Red
88,89,250.656,54.6885,89.7213,43.1967,7.01466,1.52263,-341.446728,261.53366400000004,262.8112434946561,Red
91,92,48.8966,45.7931,165.552,35.4483,0.132667,5.18867,-233.5122,263.609328,124.94305018598402,Green
92,93,250.479,66.2292,145.938,34.5417,5.446,4.5592,-81.98872800000001,267.76065600000004,206.80228996300804,Double
93,94,74.3855,50.2651,236.325,49.2048,0.939375,5.37621,-289.555128,278.13897600000007,357.595626394368,Green
94,95,241.928,49.3976,45.7952,31.8434,7.62979,0.619404,233.5122,276.063312,357.595626394368,Red
95,96,121.667,51.9167,190.833,35.4722,2.63001,6.19179,-171.24228000000002,278.13897600000007,155.101717472256,Green
96,97,240.561,51.6667,142.895,37.4561,7.15696,3.9796,50.853768,284.36596800000007,245.57771933107205,Double
97,98,154.303,50.3026,227.816,48.3289,4.04727,5.25034,-262.571496,290.59296000000006,327.43695910809606,Double
98,99,240.311,49.0444,51.5333,39.3111,7.63429,0.439539,84.06439200000001,286.441632,193.87714684032002,Red
99,100,216.281,49.4688,49.4063,36.8438,6.60111,0.482031,123.502008,284.36596800000007,137.86819330867203,Red
100,101,234.383,55.45,108.35,38.6167,6.31697,2.55287,-119.35068000000001,290.59296000000006,258.50286245376003,Red
101,102,223.0,61.6538,54.2692,35.3462,5.12292,0.756854,-73.68607200000001,288.517296,112.01790706329602,Red
103,104,248.566,50.0723,49.3253,31.7108,7.76014,0.785279,221.05821600000002,298.895616,357.595626394368,Red
105,106,228.818,47.3091,49.4364,27.2727,7.51058,1.14888,268.798488,305.122608,236.96095724928003,Red
106,107,103.727,54.6061,253.0,56.8485,1.76095,4.87793,-277.10114400000003,303.04694400000005,142.17657434956803,Green
107,108,241.491,52.386,69.2105,38.4737,7.06656,1.12943,131.804664,307.1982720000001,245.57771933107205,Red
108,109,226.225,43.575,65.45,29.05,8.20544,1.7714,322.765752,309.27393600000005,172.33524163584002,Red
109,110,72.3889,53.4444,202.972,57.1944,0.693903,3.6033,-308.236104,317.576592,155.101717472256,Green
110,111,176.675,52.475,226.8,41.975,4.63328,6.2249,-206.528568,319.6522560000001,172.33524163584002,Double
111,112,91.3902,55.7317,242.927,41.5122,1.25251,6.85927,-133.88032800000002,319.6522560000001,176.64362267673602,Green
112,113,241.429,56.9184,88.7959,40.551,6.34582,1.68195,-90.29138400000001,321.72792000000004,211.11067100390403,Red
113,114,114.229,55.25,224.792,43.7292,2.08971,5.85356,-160.86396000000002,327.95491200000004,206.80228996300804,Green
115,116,116.939,54.0408,211.49,50.9388,2.27842,4.45581,-270.87415200000004,325.8792480000001,211.11067100390403,Green
117,118,157.594,55.0938,150.563,39.9063,3.64201,3.9201,-65.38341600000001,330.030576,137.86819330867203,Double
118,119,248.766,53.3404,172.957,59.7447,7.17207,2.67891,-349.749384,334.18190400000003,202.49390892211204,Red
119,120,245.46,54.3678,46.3448,36.5057,6.8805,0.381027,100.66970400000001,344.56022400000006,374.82915055795206,Red
121,122,224.023,51.6977,112.14,43.2558,6.52526,2.25131,-235.58786400000002,342.48456,185.26038475852803,Red
122,123,58.0426,56.766,229.064,42.4255,0.0440235,6.21922,-119.35068000000001,344.56022400000006,202.49390892211204,Green
123,124,222.065,54.2903,199.161,62.9677,6.04954,3.05774,-364.27903200000003,346.635888,133.559812267776,Double
124,125,247.071,56.0505,53.5859,33.1414,6.67143,0.872101,189.923256,361.1655360000001,426.5297230487041,Red
125,126,247.113,46.3913,55.9565,31.0957,8.46988,1.13026,376.733016,367.3925280000001,495.4638197030401,Red
126,127,140.68,54.88,109.2,44.52,3.0605,2.05389,-191.99892000000003,354.9385440000001,107.70952602240001,Negative
127,128,63.5217,52.6522,160.304,35.6957,0.404125,4.9351,-540.7104720000001,357.01420800000005,99.09276394060802,Green
128,129,207.821,45.6786,41.4643,29.9286,6.94872,0.544905,308.236104,357.01420800000005,120.63466914508803,Red
129,130,133.0,50.1389,217.778,44.5,3.23516,5.50485,-484.667544,359.089872,155.101717472256,Green
130,131,91.9111,52.8,236.533,40.1111,1.45006,6.92291,-293.706456,361.1655360000001,193.87714684032002,Green
131,132,100.161,49.3226,191.387,43.6452,2.01775,4.78553,-501.27285600000005,363.24120000000005,133.559812267776,Green
132,133,78.9184,51.2653,231.735,56.449,1.05594,4.38988,-362.203368,371.543856,211.11067100390403,Green
133,134,126.977,53.0,208.955,44.9318,2.73238,5.16075,-337.29540000000003,373.6195200000001,189.56876579942403,Green
134,135,107.022,58.6739,237.478,44.4783,1.61306,6.1344,-212.75556000000003,373.6195200000001,198.18552788121605,Green
135,136,250.377,55.1698,52.0943,36.6604,6.92651,0.595173,75.76173600000001,375.69518400000004,228.34419516748804,Red
136,137,231.563,49.7083,47.8333,28.8958,7.16166,0.92651,237.663528,373.6195200000001,206.80228996300804,Red
137,138,75.2464,51.5507,239.377,63.8116,0.899815,3.88957,-378.80868000000004,375.69518400000004,297.27829182182404,Green
138,139,238.979,44.7447,43.3191,29.0213,8.49774,0.696494,302.009112,373.6195200000001,202.49390892211204,Red
139,140,70.9677,49.2258,222.484,37.8548,0.864619,6.89511,-567.694104,392.30049600000007,267.119624535552,Green
140,141,231.806,59.2778,73.3333,41.1111,5.69753,1.10805,-202.37724000000003,381.92217600000004,155.101717472256,Red
141,142,235.805,47.5122,118.439,44.7561,7.75796,2.32743,-515.802504,383.99784,176.64362267673602,Red
143,144,174.56,54.76,66.0,37.72,4.28265,1.05991,106.896696,381.92217600000004,107.70952602240001,Red
144,145,241.941,56.7794,49.4853,38.3529,6.38381,0.410347,127.65333600000001,390.224832,292.9699107809281,Red
145,146,228.55,42.575,48.225,27.2,8.55105,1.09277,409.94364,383.99784,172.33524163584002,Red
147,148,250.259,56.8448,42.7586,36.8793,6.66064,0.225375,1.037832,394.37616,249.88610037196804,Red
148,149,99.0625,45.1042,201.0,48.8333,2.34186,4.4052,-495.04586400000005,398.52748800000006,206.80228996300804,Green
149,150,227.585,55.1463,67.8049,41.5122,6.12122,0.89541,-162.939624,394.37616,176.64362267673602,Red
150,151,134.356,47.6027,249.055,47.3562,3.56758,6.02128,-439.00293600000003,404.75448000000006,314.5118159854081,Green
151,152,75.675,49.175,230.45,57.775,1.05492,4.22525,-428.62461600000006,398.52748800000006,172.33524163584002,Green
152,153,236.37,45.2222,37.1852,28.6667,8.27442,0.420097,295.78212,398.52748800000006,116.32628810419202,Red
153,154,222.744,54.3077,47.7436,35.359,6.07145,0.49516,181.62060000000002,400.603152,168.02686059494403,Red
154,155,101.2,53.84,147.52,39.32,1.72197,3.89024,-183.696264,404.75448000000006,107.70952602240001,Green
155,156,194.571,43.0714,34.4643,27.6429,6.88562,0.348863,449.38125600000006,406.830144,120.63466914508803,Red
156,157,244.63,59.5,41.5435,36.0,6.09088,0.217692,104.821032,415.1328000000001,198.18552788121605,Red
157,158,237.771,46.5714,50.3143,31.2,8.03688,0.866096,299.933448,415.1328000000001,150.79333643136002,Red
158,159,157.6,47.4333,220.667,40.8,4.54659,6.23237,-561.467112,415.1328000000001,129.25143122688002,Double
159,160,236.0,48.3846,42.7692,31.7949,7.59068,0.48796,333.14407200000005,415.1328000000001,168.02686059494403,Red
160,161,213.357,45.9286,81.381,42.0476,7.13618,1.32246,-353.90071200000006,417.20846400000005,180.95200371763204,Red
161,162,239.036,53.1429,52.8929,33.2857,6.84758,0.832758,482.59188000000006,421.3597920000001,241.26933829017605,Red
162,163,202.613,44.2903,210.935,48.7742,6.99767,4.70024,-492.97020000000003,419.284128,133.559812267776,Double
163,164,170.478,48.2609,144.652,55.5217,4.95744,2.26948,-401.64098400000006,417.20846400000005,99.09276394060802,Red
164,165,63.0417,56.875,246.292,40.0417,0.21225,7.28189,-250.11751200000003,421.3597920000001,206.80228996300804,Green
165,166,245.127,57.6364,41.1636,36.4727,6.368,0.181824,-5.18916,421.3597920000001,236.96095724928003,Red
166,167,245.982,54.1579,56.2281,29.1754,6.93365,1.31086,237.663528,421.3597920000001,245.57771933107205,Red
167,168,80.3182,46.0,224.045,38.2727,1.46045,6.86207,-331.06840800000003,421.3597920000001,189.56876579942403,Green
168,169,253.266,60.5156,98.375,37.1563,6.23514,2.32924,-92.36704800000001,427.5867840000001,275.73638661734407,Red
169,170,134.14,35.6977,189.674,30.0698,5.39833,7.50375,-584.2994160000001,429.66244800000004,185.26038475852803,Double
170,171,217.333,50.7292,105.417,40.625,6.42906,2.2547,-302.009112,431.738112,206.80228996300804,Red
171,172,247.068,56.2203,51.1186,33.4237,6.64527,0.748439,183.696264,433.8137760000001,254.19448141286404,Red
172,173,229.341,43.4545,35.0682,27.8864,8.37398,0.364087,418.24629600000003,433.8137760000001,189.56876579942403,Red
173,174,239.641,54.5897,54.0,34.641,6.63591,0.790049,532.407816,429.66244800000004,168.02686059494403,Red
174,175,212.824,56.0294,56.0294,39.9412,5.47814,0.569443,-152.561304,433.8137760000001,146.48495539046405,Red
175,176,197.735,42.7059,60.0,28.7059,7.10634,1.54118,380.88434400000006,433.8137760000001,146.48495539046405,Red
176,177,240.84,52.64,51.52,33.92,6.99879,0.733533,490.894536,440.04076800000007,215.41905204480003,Red
177,178,163.921,40.7632,192.526,38.9737,5.91444,5.56991,-555.24012,440.04076800000007,163.71847955404803,Double
178,179,104.448,49.7011,235.966,46.5747,2.15633,5.74872,-397.489656,440.04076800000007,374.82915055795206,Green
179,180,203.92,45.86,43.96,28.32,6.74695,0.780739,453.53258400000004,440.04076800000007,215.41905204480003,Red
180,181,145.0,44.0247,227.383,43.8148,4.48992,5.92295,-457.683912,448.343424,348.9788643125761,Double
181,182,65.913,38.0217,213.587,36.3478,1.43601,6.89356,-534.4834800000001,448.343424,198.18552788121605,Green
182,183,175.429,45.0714,36.8214,27.4286,5.66178,0.484125,272.949816,444.1920960000001,120.63466914508803,Red
184,185,241.5,54.6429,45.6786,35.1071,6.69415,0.425697,546.9374640000001,442.11643200000003,120.63466914508803,Red
185,186,117.848,40.9783,230.217,41.7391,3.67215,6.38382,-497.12152800000007,446.26776000000007,198.18552788121605,Double
186,187,119.0,54.3043,223.435,42.7391,2.33217,5.97702,-167.09095200000002,444.1920960000001,99.09276394060802,Green
187,188,252.156,62.3333,59.0444,44.2444,5.96137,0.472896,-86.140056,450.4190880000001,193.87714684032002,Red
188,189,209.206,58.4536,122.351,35.5052,5.04862,3.45794,-239.73919200000003,452.49475200000006,417.91296096691207,Double
189,190,171.431,49.9608,241.824,36.7843,4.7595,7.88019,-326.91708000000006,452.49475200000006,219.72743308569605,Double
190,191,241.756,51.0,74.6341,38.6341,7.32197,1.31733,-291.63079200000004,452.49475200000006,176.64362267673602,Red
191,192,246.089,57.0179,62.0714,38.5536,6.49134,0.862374,-270.87415200000004,454.570416,241.26933829017605,Red
192,193,250.5,56.3833,54.3667,36.4667,6.73956,0.693936,23.870136000000002,456.6460800000001,258.50286245376003,Red
193,194,244.3,54.88,64.32,34.7,6.75665,1.20675,106.896696,456.6460800000001,215.41905204480003,Red
194,195,248.955,45.0682,63.8182,29.8864,8.856,1.60508,399.56532000000004,460.797408,189.56876579942403,Red
195,196,237.615,53.7308,60.3846,33.4615,6.69949,1.13747,495.04586400000005,460.797408,112.01790706329602,Red
196,197,90.9615,56.3462,235.923,46.1731,1.20261,5.80972,-380.88434400000006,467.0244,224.03581412659204,Green
197,198,68.6984,55.3651,227.714,41.9048,0.471435,6.26855,-160.86396000000002,464.94873600000005,271.4280055764481,Green
198,199,251.741,61.8966,68.5345,44.3793,6.00415,0.769471,-108.97236000000001,467.0244,249.88610037196804,Red
199,200,234.5,48.913,48.5,29.2826,7.42749,0.927785,320.690088,462.8730720000001,198.18552788121605,Red
200,201,251.694,52.7778,51.9444,36.0278,7.37801,0.624564,540.7104720000001,464.94873600000005,310.203434944512,Red
202,203,214.286,47.381,48.2857,31.9048,6.8958,0.725849,472.21356000000003,462.8730720000001,90.47600185881602,Red
203,204,99.6939,44.3061,251.49,44.6122,2.4472,6.55574,-459.75957600000004,469.1000640000001,211.11067100390403,Green
204,205,63.5143,34.7143,211.943,33.5429,1.62407,7.51895,-557.315784,471.17572800000005,150.79333643136002,Green
205,206,199.75,53.85,45.1,37.2,5.30382,0.300225,509.57551200000006,471.17572800000005,86.16762081792001,Red
206,207,252.429,56.7143,42.2857,29.6667,6.75538,0.60134,416.170632,475.3270560000001,180.95200371763204,Red
207,208,254.806,60.5833,40.75,29.4444,6.27574,0.542814,432.77594400000004,479.478384,155.101717472256,Red
208,209,227.05,44.825,54.375,29.175,7.95806,1.2211,362.203368,483.62971200000004,172.33524163584002,Red
209,210,203.476,43.2381,98.2381,42.2381,7.25469,1.87433,-482.59188000000006,483.62971200000004,90.47600185881602,Red
210,211,239.225,63.25,51.4,37.15,5.4464,0.542274,-237.663528,483.62971200000004,172.33524163584002,Red
211,212,165.077,62.8974,144.308,38.2564,3.18017,3.91899,-28.021464,485.705376,168.02686059494403,Green
212,213,249.429,54.25,63.9286,31.7143,7.0429,1.43601,183.696264,487.7810400000001,241.26933829017605,Red
213,214,245.64,53.8,49.9,32.9,6.98034,0.730492,245.96618400000003,489.85670400000004,215.41905204480003,Red
214,215,219.469,51.1875,51.0,38.625,6.43563,0.452939,522.029496,487.7810400000001,137.86819330867203,Red
215,216,79.2899,38.2464,224.478,42.4783,2.10074,6.05713,-551.088792,494.00803200000007,297.27829182182404,Green
216,217,121.409,40.3333,211.242,45.7273,3.93501,5.11711,-499.19719200000003,498.1593600000001,284.35314869913606,Double
217,218,211.127,50.5091,112.182,38.1636,6.22507,2.7419,-343.522392,489.85670400000004,236.96095724928003,Double
218,219,252.918,62.0816,53.4694,38.3469,6.01753,0.557512,-275.02548,491.9323680000001,211.11067100390403,Red
219,220,223.474,61.6053,56.3684,36.7895,5.14356,0.752364,-57.080760000000005,491.9323680000001,163.71847955404803,Red
220,221,231.732,52.9512,57.8049,32.4146,6.60942,1.10736,210.679896,489.85670400000004,176.64362267673602,Red
221,222,206.4,60.1,56.9,31.05,4.76529,1.17696,291.63079200000004,487.7810400000001,86.16762081792001,Red
222,223,244.704,49.2407,53.8333,33.2222,7.77069,0.877072,482.59188000000006,491.9323680000001,232.65257620838403,Red
223,224,238.418,61.5714,49.5408,35.6327,5.62261,0.551803,1.037832,506.46201600000006,422.22134200780806,Red
225,226,89.1591,42.7955,212.341,40.9545,2.1208,5.91612,-472.21356000000003,500.23502400000007,189.56876579942403,Green
226,227,75.6296,49.9259,237.556,39.3519,1.00783,7.12048,-391.26266400000003,498.1593600000001,232.65257620838403,Green
227,228,205.921,59.0787,152.865,33.0787,4.86565,5.11944,-287.479464,504.3863520000001,383.44591263974405,Double
228,229,253.667,65.4583,46.0833,32.75,5.62851,0.575559,302.009112,496.08369600000003,103.40114498150402,Red
229,230,253.943,60.0857,41.6571,29.9143,6.31582,0.554955,453.53258400000004,494.00803200000007,150.79333643136002,Red
230,231,252.788,63.4242,61.1515,33.4242,5.84468,1.17276,326.91708000000006,498.1593600000001,142.17657434956803,Red
231,232,241.554,59.2857,38.0536,31.8036,6.01838,0.277822,345.59805600000004,502.310688,241.26933829017605,Red
232,233,44.825,43.15,235.15,36.35,0.0759894,7.73169,-428.62461600000006,500.23502400000007,172.33524163584002,Green
233,234,250.532,58.5532,54.6809,34.1915,6.41833,0.847175,23.870136000000002,510.6133440000001,202.49390892211204,Red
234,235,247.98,56.42,59.94,36.24,6.64647,0.924533,254.26884,514.764672,215.41905204480003,Red
235,236,251.0,65.7391,58.1087,35.6087,5.5167,0.893283,283.32813600000003,512.6890080000001,198.18552788121605,Red
236,237,174.071,53.8214,51.6071,30.25,4.3737,0.998114,399.56532000000004,510.6133440000001,120.63466914508803,Red
237,238,247.583,46.8833,52.75,31.2667,8.38008,0.971365,-420.32196000000005,518.916,258.50286245376003,Red
238,239,242.84,49.6,49.04,35.5,7.62667,0.539204,-372.58168800000004,518.916,215.41905204480003,Red
239,240,244.974,58.4359,53.359,38.7436,6.24897,0.533302,-79.913064,514.764672,168.02686059494403,Red
240,241,238.393,56.8929,41.8393,30.6071,6.24508,0.518803,443.154264,512.6890080000001,241.26933829017605,Red
241,242,170.225,41.05,208.55,39.875,6.16006,5.98016,-561.467112,529.2943200000001,344.67048327168004,Double
242,243,152.878,44.9388,174.98,46.2449,4.70192,3.93545,-538.634808,520.991664,211.11067100390403,Double
243,244,216.6,61.7143,58.5143,34.8857,4.91298,0.95753,-21.794472000000003,516.8403360000001,150.79333643136002,Red
244,245,250.622,67.4694,47.5306,34.051,5.31406,0.55964,320.690088,527.218656,422.22134200780806,Red
245,246,67.0909,43.3636,188.273,46.5,1.07113,4.31025,-517.8781680000001,518.916,94.78438289971201,Green
246,247,244.203,55.5063,111.076,33.9114,6.65488,3.21688,-254.26884,523.0673280000001,340.36210223078405,Double
247,248,245.091,55.7091,63.0364,37.9636,6.65475,0.933676,-102.74536800000001,525.142992,236.96095724928003,Red
248,249,83.5,55.4643,174.857,39.3571,0.989504,4.86719,-167.09095200000002,529.2943200000001,120.63466914508803,Green
249,250,255.0,71.1875,57.0625,36.1875,5.05465,0.815512,295.78212,529.2943200000001,137.86819330867203,Red
250,251,145.31,55.8621,113.517,39.5172,3.13454,2.64733,-148.409976,531.369984,124.94305018598402,Green
251,252,189.581,57.5161,42.3226,33.4516,4.49486,0.374901,-38.399784000000004,531.369984,133.559812267776,Red
252,253,228.367,59.6531,43.3878,32.2857,5.53654,0.486133,25.945800000000002,537.596976,211.11067100390403,Red
253,254,214.488,53.7073,37.1951,32.9756,5.86029,0.180897,221.05821600000002,535.5213120000001,176.64362267673602,Red
254,255,244.102,46.1224,53.0,31.2041,8.40287,0.987475,397.489656,537.596976,211.11067100390403,Red
255,256,245.778,64.1111,37.8611,35.75,5.54704,0.0834829,266.722824,539.67264,155.101717472256,Red
257,258,166.15,58.425,211.275,33.7,3.60942,7.44928,-324.84141600000004,541.7483040000001,172.33524163584002,Green
258,259,222.903,54.9032,49.2581,34.129,5.99006,0.626686,90.29138400000001,539.67264,133.559812267776,Red
259,260,215.652,56.5652,37.6957,30.0,5.5056,0.362649,-285.40380000000005,541.7483040000001,99.09276394060802,Red
261,262,74.95,41.45,135.4,36.2,1.58212,3.87405,-519.953832,545.8996320000001,86.16762081792001,Green
262,263,252.266,51.8723,39.4787,31.9149,7.56254,0.335051,-432.77594400000004,554.2022880000001,404.9878178442241,Red
263,264,248.659,53.2683,45.4146,30.3902,7.18048,0.698916,-409.94364,560.4292800000001,353.28724535347203,Red
264,265,241.721,59.4419,57.8605,32.7442,6.00294,1.08439,5.18916,552.1266240000001,185.26038475852803,Red
265,266,233.676,58.3784,47.1351,32.3243,5.87818,0.647757,71.610408,550.05096,159.41009851315204,Red
266,267,255.0,61.3,53.875,34.425,6.1857,0.798745,289.555128,550.05096,172.33524163584002,Red
267,268,59.8205,57.6667,193.231,36.5128,0.0731155,6.06786,-144.25864800000002,552.1266240000001,168.02686059494403,Green
269,270,212.667,43.3333,200.528,35.3333,7.64962,6.60957,-565.6184400000001,558.3536160000001,155.101717472256,Double
270,271,64.566,51.9434,229.0,31.0755,0.475707,9.00419,-366.35469600000005,558.3536160000001,228.34419516748804,Green
271,272,63.069,55.6897,211.517,34.069,0.259394,7.36335,-283.32813600000003,560.4292800000001,124.94305018598402,Green
272,273,247.012,45.625,96.675,30.95,8.6407,3.00215,-465.98656800000003,572.883264,344.67048327168004,Double
273,274,108.7,56.7,193.65,35.0,1.79531,6.40818,-343.522392,564.5806080000001,86.16762081792001,Green
274,275,234.667,52.2083,73.4375,35.7917,6.84137,1.48695,-241.81485600000002,566.6562720000001,206.80228996300804,Red
275,276,243.407,58.0185,51.6296,33.963,6.25513,0.73538,88.21572,570.8076000000001,232.65257620838403,Red
276,277,240.121,53.7273,34.4848,31.5152,6.79136,0.133216,287.479464,568.731936,142.17657434956803,Red
277,278,250.381,57.5714,39.7857,35.7143,6.55603,0.161164,-318.61442400000004,572.883264,180.95200371763204,Red
278,279,212.556,42.3889,52.75,33.25,7.85854,0.829097,497.12152800000007,572.883264,155.101717472256,Red
279,280,110.342,43.2105,230.447,32.5263,3.04128,8.6024,-555.24012,574.958928,163.71847955404803,Green
280,281,182.045,57.0455,55.0,33.1818,4.28952,0.929567,-71.610408,577.0345920000001,94.78438289971201,Red
281,282,252.415,64.7358,46.5472,34.4717,5.67533,0.495227,7.264824000000001,581.18592,228.34419516748804,Red
282,283,230.118,59.6176,45.8529,32.5588,5.59846,0.577236,34.248456000000004,579.110256,146.48495539046405,Red
283,284,243.404,41.4255,51.9149,30.8511,9.54458,0.965228,414.09496800000005,587.412912,202.49390892211204,Red
284,285,174.048,57.6667,88.0476,35.7143,3.95072,2.07157,-287.479464,585.337248,90.47600185881602,Red
285,286,243.379,52.9483,98.1897,35.0172,7.04053,2.5504,-245.96618400000003,589.4885760000001,249.88610037196804,Red
286,287,250.368,64.7632,50.0526,33.1053,5.61024,0.723715,-19.718808000000003,587.412912,163.71847955404803,Red
287,288,250.553,60.9149,41.0213,33.3617,6.09427,0.324578,-102.74536800000001,591.56424,202.49390892211204,Red
288,289,161.622,55.4865,101.189,31.3243,3.74448,3.15311,-428.62461600000006,593.6399040000001,159.41009851315204,Double
289,290,59.1739,38.8696,207.435,33.3913,1.02258,7.36863,-575.99676,595.7155680000001,198.18552788121605,Green
290,291,214.63,55.0741,43.8519,32.9259,5.67132,0.469119,150.48564000000002,593.6399040000001,116.32628810419202,Red
291,292,232.76,52.96,41.86,33.16,6.64601,0.370909,-391.26266400000003,599.8668960000001,215.41905204480003,Red
292,293,253.398,62.3979,45.086,31.2903,5.99216,0.623299,-119.35068000000001,601.9425600000001,400.67943680332803,Red
293,294,253.356,59.4667,33.1556,32.8222,6.38262,0.0143573,15.567480000000002,601.9425600000001,193.87714684032002,Red
294,295,234.945,56.8904,47.2192,33.5479,6.1268,0.576108,106.896696,601.9425600000001,314.5118159854081,Red
295,296,228.488,39.5122,83.3171,29.0244,9.36255,2.64448,432.77594400000004,604.018224,176.64362267673602,Red
296,297,240.324,53.8824,123.353,35.8529,6.77352,3.45021,-277.10114400000003,604.018224,146.48495539046405,Double
297,298,253.696,70.75,39.0,33.1786,5.06194,0.248047,-38.399784000000004,608.1695520000001,241.26933829017605,Red
298,299,164.5,50.15,36.65,33.4,4.46359,0.137562,-370.506024,610.245216,86.16762081792001,Red
299,300,111.157,48.4902,215.353,33.8039,2.52989,7.59258,-351.82504800000004,616.472208,219.72743308569605,Green
300,301,235.442,62.0698,43.093,30.6512,5.46787,0.573853,-65.38341600000001,614.3965440000001,185.26038475852803,Red
301,302,160.7,51.5,130.667,30.5,4.15083,4.64286,-218.98255200000003,618.5478720000001,129.25143122688002,Double
302,303,249.577,54.5769,39.8654,33.3462,6.99431,0.276384,135.955992,620.6235360000001,224.03581412659204,Red
303,304,254.638,63.3276,34.6379,32.6552,5.91378,0.0858381,-414.09496800000005,626.850528,249.88610037196804,Red
304,305,250.321,50.75,51.1786,30.0357,7.69807,0.995149,-293.706456,622.6992,120.63466914508803,Red
305,306,248.081,58.5135,43.6216,30.5405,6.34202,0.605521,21.794472000000003,622.6992,159.41009851315204,Red
306,307,250.025,64.075,45.025,33.8,5.68103,0.469496,77.8374,624.7748640000001,172.33524163584002,Red
307,308,179.136,60.0,199.455,29.9091,3.88698,8.01393,-434.85160800000006,622.6992,94.78438289971201,Double
308,309,232.282,60.6056,55.7324,31.7042,5.54519,1.07144,-148.409976,631.0018560000001,305.8950539036161,Red
309,310,228.108,37.8649,30.4865,25.4054,9.8354,0.282743,405.79231200000004,626.850528,159.41009851315204,Red
310,311,206.0,66.1923,41.6154,30.1923,4.13469,0.534871,-57.080760000000005,628.926192,112.01790706329602,Red
311,312,46.7368,39.0,209.632,34.2632,0.388346,7.2358,-551.088792,633.07752,163.71847955404803,Green
312,313,170.514,48.1351,206.459,28.8378,4.97693,8.70754,-316.53876,633.07752,159.41009851315204,Double
313,314,67.2903,53.3871,228.806,31.5806,0.509799,8.82887,-279.17680800000005,631.0018560000001,133.559812267776,Green
314,315,102.114,52.6286,200.571,29.3714,1.84068,8.24027,-250.11751200000003,633.07752,150.79333643136002,Green
315,316,249.15,69.4,50.425,30.725,5.07024,0.906435,-108.97236000000001,631.0018560000001,172.33524163584002,Red
316,317,254.455,66.0455,45.0,30.2424,5.58442,0.68986,-40.475448,639.304512,284.35314869913606,Red
317,318,144.571,34.381,49.0476,26.619,6.27402,1.19116,439.00293600000003,628.926192,90.47600185881602,Red
318,319,221.111,43.2222,152.667,35.9074,8.05677,4.59695,582.2237520000001,631.0018560000001,232.65257620838403,Double
319,320,115.052,51.9138,149.207,37.7241,2.38082,4.17783,-366.35469600000005,635.153184,249.88610037196804,Green
320,321,220.487,55.0,39.1538,29.1795,5.89008,0.483248,55.005096,635.153184,168.02686059494403,Red
321,322,250.878,65.0244,71.4634,35.5854,5.59518,1.42535,96.518376,635.153184,176.64362267673602,Red
322,323,253.756,66.9512,34.2439,31.0,5.46197,0.147934,-19.718808000000003,637.2288480000001,176.64362267673602,Red
323,324,250.481,61.7037,51.2963,30.1481,5.98907,0.991686,-432.77594400000004,639.304512,116.32628810419202,Red
325,326,58.5667,41.5,173.4,30.2333,0.805045,6.6945,-503.34852000000006,649.6828320000001,129.25143122688002,Green
326,327,209.243,55.1892,89.1892,34.5405,5.46435,2.23673,-412.01930400000003,653.8341600000001,159.41009851315204,Red
327,328,134.021,45.8298,215.34,29.4894,3.76702,8.90968,-347.67372,653.8341600000001,202.49390892211204,Green
328,329,254.044,66.4444,41.0667,31.5778,5.52705,0.424812,-111.04802400000001,651.758496,193.87714684032002,Red
329,330,245.641,46.5385,47.0385,30.5513,8.37499,0.762921,-470.137896,655.9098240000001,336.05372118988805,Red
330,331,253.122,62.5366,43.9024,34.561,5.96588,0.382113,111.04802400000001,655.9098240000001,176.64362267673602,Red
331,332,251.054,63.5405,45.8378,32.1622,5.77698,0.601127,-100.66970400000001,662.1368160000001,159.41009851315204,Red
332,333,217.071,51.5,57.0714,27.3333,6.29358,1.53809,-430.70028,668.3638080000001,180.95200371763204,Red
333,334,251.672,53.6034,36.7069,31.2241,7.23341,0.24824,-156.712632,668.3638080000001,249.88610037196804,Red
334,335,224.0,53.5128,32.4615,30.7692,6.23668,0.0777546,-30.097128,668.3638080000001,168.02686059494403,Red
335,336,154.44,58.32,181.88,31.44,3.22638,6.76462,81.98872800000001,670.439472,107.70952602240001,Green
337,338,73.7857,48.25,178.429,27.3214,1.03602,7.81887,-272.949816,678.7421280000001,120.63466914508803,Green
338,339,50.6923,45.0256,176.436,31.0256,0.24637,6.62578,-389.187,678.7421280000001,168.02686059494403,Green
339,340,249.0,45.7321,38.8393,26.875,8.70095,0.629363,-320.690088,684.9691200000001,241.26933829017605,Red
340,341,230.264,46.8302,52.7547,28.3208,7.66784,1.2197,-459.75957600000004,689.1204480000001,228.34419516748804,Red
341,342,229.263,51.9474,40.6053,33.0789,6.68195,0.321657,-146.334312,689.1204480000001,163.71847955404803,Red
342,343,246.947,56.9298,48.2982,32.3333,6.53391,0.698037,-123.502008,693.271776,245.57771933107205,Red
343,344,121.65,41.4,87.3,34.75,3.79458,2.13787,507.49984800000004,687.044784,86.16762081792001,Red
344,345,63.88,44.96,187.84,31.24,0.823786,7.08669,-497.12152800000007,689.1204480000001,107.70952602240001,Green
345,346,224.796,43.7755,35.0408,25.2857,8.09498,0.545405,-430.70028,695.3474400000001,211.11067100390403,Red
346,347,79.28,47.32,228.32,28.28,1.32215,10.0,-260.495832,699.498768,215.41905204480003,Green
347,348,244.846,48.2885,53.75,29.6731,7.96831,1.1471,-302.009112,703.6500960000001,224.03581412659204,Red
348,349,53.6429,33.7857,174.536,28.2143,1.15054,7.33165,-546.9374640000001,707.8014240000001,120.63466914508803,Green
349,350,252.298,57.5263,53.0702,30.5439,6.62795,1.04263,-98.59404,707.8014240000001,245.57771933107205,Red
351,352,161.538,45.3846,33.1538,26.1154,5.01008,0.381017,-347.67372,714.0284160000001,112.01790706329602,Red
352,353,236.119,47.5595,98.25,33.4762,7.76123,2.73543,-208.60423200000002,726.4824,361.9040074352641,Red
353,354,174.898,46.2041,175.776,27.4898,5.45252,7.62589,3.1134960000000005,720.2554080000001,211.11067100390403,Double
354,355,64.6341,42.7317,236.61,34.2927,1.00337,8.34053,-490.894536,716.1040800000001,176.64362267673602,Green
355,356,164.189,39.5405,194.919,34.6216,6.17113,6.54548,-526.180824,720.2554080000001,159.41009851315204,Double
356,357,245.233,46.5465,41.3605,27.7907,8.35602,0.690296,-320.690088,728.5580640000002,370.52076951705607,Red
357,358,250.463,57.7407,41.1481,29.2778,6.53385,0.573177,-125.577672,726.4824,232.65257620838403,Red
358,359,64.6957,43.913,171.739,28.9565,0.926459,6.97094,-287.479464,728.5580640000002,99.09276394060802,Green
359,360,179.514,40.973,180.595,31.3784,6.6191,6.72277,497.12152800000007,730.6337280000001,159.41009851315204,Double
360,361,49.7368,40.1053,234.053,32.9737,0.470127,8.62108,-492.97020000000003,734.785056,163.71847955404803,Green
361,362,245.413,57.3696,35.3261,26.6087,6.41647,0.463154,-100.66970400000001,738.936384,198.18552788121605,Red
362,363,143.813,43.7813,120.969,31.5313,4.47267,4.00997,-414.09496800000005,743.0877120000001,137.86819330867203,Double
363,364,151.136,42.6818,80.3182,29.1818,4.97421,2.47731,-256.34450400000003,745.1633760000001,94.78438289971201,Red
364,365,87.5769,38.0385,157.885,31.5769,2.54941,5.65487,-519.953832,749.314704,112.01790706329602,Green
365,366,49.375,42.2188,196.344,32.8438,0.331818,7.03765,-455.60824800000006,749.314704,137.86819330867203,Green
367,368,47.931,43.8621,209.414,27.7931,0.181599,9.23827,-380.88434400000006,751.390368,124.94305018598402,Green
371,372,81.8444,43.6889,198.067,30.9111,1.70965,7.64485,-241.81485600000002,763.8443520000002,193.87714684032002,Green
372,373,244.698,50.6825,29.3333,24.7302,7.49373,0.263144,-133.88032800000002,763.8443520000002,271.4280055764481,Red
373,374,247.621,48.931,46.2586,27.1552,7.94896,0.994539,-36.32412,763.8443520000002,249.88610037196804,Red
374,375,118.421,47.0789,154.974,27.7632,2.96646,6.47764,-343.522392,763.8443520000002,163.71847955404803,Green
375,376,205.286,41.8776,108.878,29.0816,7.63857,3.87904,30.097128,765.9200160000001,211.11067100390403,Double
376,377,75.5,44.6429,204.25,35.0357,1.35308,6.82792,-441.07860000000005,763.8443520000002,120.63466914508803,Green
377,378,243.745,46.7255,30.0392,25.5686,8.2542,0.247184,-158.788296,770.0713440000001,219.72743308569605,Red
378,379,226.014,47.5942,126.913,34.2319,7.33854,3.82757,513.72684,774.222672,297.27829182182404,Double
379,380,243.93,50.4651,46.0,29.186,7.50466,0.814436,-322.765752,778.3740000000001,185.26038475852803,Red
380,381,217.326,47.5349,109.558,32.8372,6.99231,3.30301,453.53258400000004,780.4496640000001,185.26038475852803,Double
381,382,55.5556,41.8333,197.0,32.6389,0.642128,7.11912,-513.72684,780.4496640000001,155.101717472256,Green
382,383,148.208,43.9167,88.875,28.2083,4.64879,3.04043,202.37724000000003,782.5253280000001,103.40114498150402,Double
383,384,219.872,44.5385,91.5897,32.0256,7.70635,2.62936,549.013128,782.5253280000001,168.02686059494403,Red
384,385,86.4487,48.4615,227.449,35.6923,1.53447,7.59518,-445.22992800000003,792.9036480000001,336.05372118988805,Green
385,386,247.853,46.3088,33.7353,23.2794,8.51973,0.634967,-183.696264,792.9036480000001,292.9699107809281,Red
386,387,50.6429,46.2857,180.607,36.8571,0.184278,5.51377,-488.81887200000006,792.9036480000001,120.63466914508803,Green
387,388,172.771,49.4167,132.271,32.6458,4.88652,4.31423,-372.58168800000004,797.054976,206.80228996300804,Double
388,389,91.4333,48.3333,217.433,34.7,1.74562,7.44476,-320.690088,803.2819680000001,129.25143122688002,Green
389,390,45.04,42.28,141.16,28.2,0.127789,5.66289,-250.11751200000003,801.2063040000002,107.70952602240001,Green
390,391,44.8857,42.1143,212.8,35.9429,0.128823,6.95621,-519.953832,807.433296,150.79333643136002,Green
391,392,247.051,51.6667,61.3333,34.7179,7.40286,1.08378,-341.446728,805.3576320000001,168.02686059494403,Red
392,393,192.483,41.0,51.9655,30.3793,7.23267,1.00453,571.8454320000001,807.433296,124.94305018598402,Red
393,394,198.622,40.5333,195.0,25.5778,7.63499,9.36419,169.166616,815.7359520000001,193.87714684032002,Double
394,395,84.4839,49.3871,215.903,36.8064,1.39115,6.87902,-401.64098400000006,817.8116160000001,133.559812267776,Green
396,397,107.649,39.8649,188.216,24.6486,3.32855,9.38138,15.567480000000002,817.8116160000001,159.41009851315204,Green
397,398,82.2,51.25,241.875,36.15,1.18219,8.04528,-378.80868000000004,821.962944,172.33524163584002,Green
400,401,61.1429,41.4286,195.514,36.8571,0.931538,6.08556,-522.029496,836.4925920000002,150.79333643136002,Green
401,402,76.4615,52.1923,173.885,35.6154,0.910267,5.48846,-299.933448,836.4925920000002,112.01790706329602,Green
403,404,120.027,46.7397,240.356,41.6712,3.06948,6.74048,-430.70028,842.719584,314.5118159854081,Green
404,405,122.636,48.5455,206.5,37.6364,2.98769,6.34295,-399.56532000000004,840.6439200000001,94.78438289971201,Green
405,406,77.05,47.0,226.225,39.45,1.2516,6.69321,-465.98656800000003,848.9465760000002,172.33524163584002,Green
406,407,249.966,49.2542,62.6271,35.2034,7.97717,1.1013,-264.64716000000004,848.9465760000002,254.19448141286404,Red
407,408,66.2195,47.0976,234.585,40.5366,0.794792,6.76747,-499.19719200000003,851.0222400000001,176.64362267673602,Green
409,410,149.682,40.9091,148.273,28.2273,5.20499,6.01228,-225.20954400000002,851.0222400000001,94.78438289971201,Double
410,411,178.5,34.4737,150.158,22.1316,8.1785,8.17804,-21.794472000000003,855.173568,163.71847955404803,Double
411,412,145.794,43.3824,142.706,26.7647,4.62121,6.12404,364.27903200000003,857.249232,146.48495539046405,Double
412,413,64.275,49.575,241.45,38.375,0.580462,7.48119,-287.479464,861.4005600000002,172.33524163584002,Green
413,414,87.4468,48.7872,224.681,34.4043,1.55121,7.81872,-370.506024,863.4762240000001,202.49390892211204,Green
414,415,103.841,39.9091,228.545,29.7045,3.13592,9.46336,-177.46927200000002,865.5518880000001,189.56876579942403,Green
415,416,130.54,42.64,238.54,34.94,4.03544,8.23792,-511.651176,871.7788800000002,215.41905204480003,Double
416,417,108.029,44.7429,207.086,37.9143,2.76886,6.30793,-461.83524000000006,871.7788800000002,150.79333643136002,Green
417,418,84.3333,47.8095,246.127,38.5873,1.49548,7.6036,-488.81887200000006,884.2328640000002,271.4280055764481,Green
418,419,168.108,34.8919,63.4595,22.8649,7.47398,2.50993,-106.896696,882.1572,159.41009851315204,Red
419,420,77.2069,50.1897,188.828,36.9828,1.05377,5.80448,-333.14407200000005,886.3085280000001,249.88610037196804,Green
420,421,55.4091,45.7727,176.5,34.9545,0.412122,5.72473,-243.89052,886.3085280000001,94.78438289971201,Green
421,422,56.381,37.381,155.81,29.2857,0.994999,6.10772,-191.99892000000003,886.3085280000001,90.47600185881602,Green
422,423,64.4478,48.3284,246.313,35.1493,0.65293,8.49311,-364.27903200000003,896.6868480000002,288.66152974003205,Green
423,424,151.212,34.8485,83.303,21.0303,6.53661,4.18615,17.643144000000003,892.53552,142.17657434956803,Double
425,426,45.2,36.15,175.7,27.05,0.490072,7.76891,-158.788296,896.6868480000002,172.33524163584002,Green
426,427,83.8718,44.6667,221.821,34.641,1.71822,7.63889,-470.137896,900.8381760000001,168.02686059494403,Green
427,428,132.087,49.2174,168.609,35.4348,3.29607,5.31315,-347.67372,904.989504,99.09276394060802,Green
428,429,126.323,34.871,152.258,19.2258,5.13389,9.78216,245.96618400000003,909.1408320000002,133.559812267776,Double
429,430,71.3611,44.1667,227.972,29.0833,1.20533,9.66783,-409.94364,917.443488,155.101717472256,Green
430,431,150.604,41.875,212.917,30.9375,5.08289,8.3157,-455.60824800000006,921.5948160000002,206.80228996300804,Double
431,432,155.841,41.4773,164.341,29.0455,5.39756,6.58518,-214.83122400000002,923.6704800000001,189.56876579942403,Double
433,434,56.1304,44.7609,221.5,35.8913,0.497239,7.31091,-304.08477600000003,934.0488000000001,198.18552788121605,Green
434,435,103.804,43.0652,247.283,32.7174,2.76097,9.27135,-281.252472,942.351456,198.18552788121605,Green
435,436,145.545,28.5455,33.1818,18.7727,8.02358,1.08511,-94.44271200000001,938.2001280000001,94.78438289971201,Red
436,437,56.1892,44.6216,194.676,33.6216,0.507477,6.77198,-349.749384,944.4271200000002,159.41009851315204,Green
437,438,61.7857,43.5952,195.262,29.0952,0.816816,8.07392,-225.20954400000002,946.5027840000001,180.95200371763204,Green
438,439,54.4839,37.629,214.71,26.6129,0.876841,9.99198,-480.51621600000004,954.8054400000002,267.119624535552,Green
439,440,102.3,42.45,203.7,28.775,2.75998,8.59408,-368.43036,958.9567680000001,172.33524163584002,Green
440,441,87.4783,37.4783,177.435,29.0,2.61162,7.23603,-387.11133600000005,996.3187200000001,99.09276394060802,Green
442,443,139.083,24.7083,16.9583,12.0833,9.06164,0.570362,-401.64098400000006,1106.328912,103.40114498150402,Red
